{
  "version": 4,
  "offense": 2,
  "defense": 0,
  "description": "Passing (Downfield Right)",
  "creator": "Wayprotein",
  "code": "0590-9035-801A-E423",
  "creatorID": "Steam:76561198141816115",
  "uploadID": 225,
  "numDrills": 9,
  "tags": [
    "Aerials",
    "Passing",
    "Redirects",
    "Shots"
  ],
  "drills": [
    {
      "ball": {
        "location": {
          "x": -3014.723876953125,
          "y": -4496.03076171875,
          "z": 100.0
        },
        "torque": {
          "x": 0.0,
          "y": 0.0,
          "z": 0.0
        },
        "velocity": {
          "x": 1469.389404296875,
          "y": -261.352294921875,
          "z": -1256.251953125
        },
        "rotation": {
          "pitch": 0,
          "yaw": 0,
          "roll": 0
        },
        "angular": {
          "x": 0.0,
          "y": 0.0,
          "z": 0.0
        }
      },
      "players": [
        {
          "boost": 1.0,
          "location": {
            "x": -3637.68994140625,
            "y": -3049.909912109375,
            "z": 17.010000228881836
          },
          "rotation": {
            "pitch": -99,
            "yaw": 15504,
            "roll": 0
          },
          "velocity": {
            "x": 0.0,
            "y": 0.0,
            "z": 0.210999995470047
          },
          "role": "shooter"
        },
        {
          "boost": 100.0,
          "location": {
            "x": 583.964111328125,
            "y": -5166.03466796875,
            "z": 37.99560546875
          },
          "rotation": {
            "pitch": 0,
            "yaw": -35129,
            "roll": 0
          },
          "velocity": {
            "x": 0.0,
            "y": 0.0,
            "z": 0.0
          },
          "role": "passer"
        }
      ]
    },
    {
      "ball": {
        "location": {
          "x": -1250.3720703125,
          "y": -1362.210205078125,
          "z": 503.9930114746094
        },
        "torque": {
          "x": 0.0,
          "y": 0.0,
          "z": 0.0
        },
        "velocity": {
          "x": 353.83819580078125,
          "y": -1457.6082763671875,
          "z": -0.19876712560653687
        },
        "rotation": {
          "pitch": 0,
          "yaw": 0,
          "roll": 0
        },
        "angular": {
          "x": 0.0,
          "y": 0.0,
          "z": 0.0
        }
      },
      "players": [
        {
          "boost": 100.0,
          "location": {
            "x": -3467.995361328125,
            "y": 4144.31201171875,
            "z": 38.448734283447266
          },
          "rotation": {
            "pitch": 0,
            "yaw": 50390,
            "roll": 0
          },
          "velocity": {
            "x": 0.0,
            "y": 0.0,
            "z": 0.0
          },
          "role": "shooter"
        },
        {
          "boost": 100.0,
          "location": {
            "x": -57.34769821166992,
            "y": -4911.56201171875,
            "z": 37.99560546875
          },
          "rotation": {
            "pitch": 0,
            "yaw": 20814,
            "roll": 0
          },
          "velocity": {
            "x": 0.0,
            "y": 0.0,
            "z": 0.0
          },
          "role": "passer"
        }
      ]
    },
    {
      "ball": {
        "location": {
          "x": 1776.574462890625,
          "y": -3695.656494140625,
          "z": 100.48280334472656
        },
        "torque": {
          "x": 0.0,
          "y": 0.0,
          "z": 0.0
        },
        "velocity": {
          "x": 42.298091888427734,
          "y": 347.38482666015625,
          "z": -4.924426555633545
        },
        "rotation": {
          "pitch": 0,
          "yaw": 0,
          "roll": 0
        },
        "angular": {
          "x": 0.0,
          "y": 0.0,
          "z": 0.0
        }
      },
      "players": [
        {
          "boost": 100.0,
          "location": {
            "x": -2162.765380859375,
            "y": -1309.873779296875,
            "z": 37.99560546875
          },
          "rotation": {
            "pitch": 0,
            "yaw": 14904,
            "roll": 0
          },
          "velocity": {
            "x": 0.0,
            "y": 0.0,
            "z": 0.0
          },
          "role": "shooter"
        },
        {
          "boost": 100.0,
          "location": {
            "x": 1526.151611328125,
            "y": -4297.92236328125,
            "z": 37.99560546875
          },
          "rotation": {
            "pitch": 0,
            "yaw": 12596,
            "roll": 0
          },
          "velocity": {
            "x": 0.0,
            "y": 0.0,
            "z": 0.0
          },
          "role": "passer"
        }
      ]
    },
    {
      "ball": {
        "location": {
          "x": -2905.69921875,
          "y": -1608.8375244140625,
          "z": 652.3677978515625
        },
        "torque": {
          "x": 0.0,
          "y": 0.0,
          "z": 0.0
        },
        "velocity": {
          "x": -1825.675537109375,
          "y": -1476.160400390625,
          "z": -101.19173431396484
        },
        "rotation": {
          "pitch": 0,
          "yaw": 0,
          "roll": 0
        },
        "angular": {
          "x": 0.0,
          "y": 0.0,
          "z": 0.0
        }
      },
      "players": [
        {
          "boost": 100.0,
          "location": {
            "x": -3593.458251953125,
            "y": -1578.4005126953125,
            "z": 37.99560546875
          },
          "rotation": {
            "pitch": 0,
            "yaw": 19017,
            "roll": 0
          },
          "velocity": {
            "x": 0.0,
            "y": 0.0,
            "z": 0.0
          },
          "role": "shooter"
        },
        {
          "boost": 100.0,
          "location": {
            "x": -2097.904296875,
            "y": -4337.5986328125,
            "z": 37.99560546875
          },
          "rotation": {
            "pitch": 0,
            "yaw": 24536,
            "roll": 0
          },
          "velocity": {
            "x": 0.0,
            "y": 0.0,
            "z": 0.0
          },
          "role": "passer"
        }
      ]
    },
    {
      "ball": {
        "location": {
          "x": 1975.7008056640625,
          "y": 3634.86474609375,
          "z": 774.771728515625
        },
        "torque": {
          "x": 0.0,
          "y": 0.0,
          "z": 0.0
        },
        "velocity": {
          "x": 473.9826965332031,
          "y": -2290.900146484375,
          "z": 221.88192749023438
        },
        "rotation": {
          "pitch": 0,
          "yaw": 0,
          "roll": 0
        },
        "angular": {
          "x": 0.0,
          "y": 0.0,
          "z": 0.0
        }
      },
      "players": [
        {
          "boost": 100.0,
          "location": {
            "x": 332.69610595703125,
            "y": -3637.580078125,
            "z": 37.99560546875
          },
          "rotation": {
            "pitch": 0,
            "yaw": 12636,
            "roll": 0
          },
          "velocity": {
            "x": 0.0,
            "y": 0.0,
            "z": 0.0
          },
          "role": "shooter"
        },
        {
          "boost": 100.0,
          "location": {
            "x": 869.1915893554688,
            "y": -1569.0679931640625,
            "z": 37.99560546875
          },
          "rotation": {
            "pitch": 0,
            "yaw": 5406,
            "roll": 0
          },
          "velocity": {
            "x": 0.0,
            "y": 0.0,
            "z": 0.0
          },
          "role": "passer"
        }
      ]
    },
    {
      "ball": {
        "location": {
          "x": 3014.618896484375,
          "y": 8.839900016784668,
          "z": 100.48280334472656
        },
        "torque": {
          "x": 0.0,
          "y": 0.0,
          "z": 0.0
        },
        "velocity": {
          "x": -292.0931701660156,
          "y": -1772.036865234375,