{
  "version": 4,
  "offense": 2,
  "defense": 0,
  "description": "Passing (Downfield Left)",
  "creator": "Wayprotein",
  "code": "C833-6A35-A46A-7191",
  "creatorID": "Steam:76561198141816115",
  "uploadID": 224,
  "numDrills": 8,
  "tags": [
    "Aerials",
    "Passing",
    "Redirects",
    "Shots"
  ],
  "drills": [
    {
      "ball": {
        "location": {
          "x": 3142.51220703125,
          "y": -4423.55419921875,
          "z": 100.0
        },
        "torque": {
          "x": 0.0,
          "y": 0.0,
          "z": 0.0
        },
        "velocity": {
          "x": -1723.4423828125,
          "y": -157.06932067871094,
          "z": -1359.6419677734375
        },
        "rotation": {
          "pitch": 0,
          "yaw": 0,
          "roll": 0
        },
        "angular": {
          "x": 0.0,
          "y": 0.0,
          "z": 0.0
        }
      },
      "players": [
        {
          "boost": 1.0,
          "location": {
            "x": 3780.030029296875,
            "y": -2836.2900390625,
            "z": 17.010000228881836
          },
          "rotation": {
            "pitch": -100,
            "yaw": 17076,
            "roll": 0
          },
          "velocity": {
            "x": 0.0,
            "y": 0.0,
            "z": 0.210999995470047
          },
          "role": "shooter"
        },
        {
          "boost": 100.0,
          "location": {
            "x": -444.96240234375,
            "y": -5073.0810546875,
            "z": 37.99560546875
          },
          "rotation": {
            "pitch": 0,
            "yaw": 68147,
            "roll": 0
          },
          "velocity": {
            "x": 0.0,
            "y": 0.0,
            "z": 0.0
          },
          "role": "passer"
        }
      ]
    },
    {
      "ball": {
        "location": {
          "x": 62.08250045776367,
          "y": 12.538299560546875,
          "z": 496.5299072265625
        },
        "torque": {
          "x": 0.0,
          "y": 0.0,
          "z": 0.0
        },
        "velocity": {
          "x": -62.441585540771484,
          "y": -1595.7178955078125,
          "z": 93.10040283203125
        },
        "rotation": {
          "pitch": 0,
          "yaw": 0,
          "roll": 0
        },
        "angular": {
          "x": 0.0,
          "y": 0.0,
          "z": 0.0
        }
      },
      "players": [
        {
          "boost": 100.0,
          "location": {
            "x": 2966.15234375,
            "y": 4030.158935546875,
            "z": 37.995601654052734
          },
          "rotation": {
            "pitch": 0,
            "yaw": -17011,
            "roll": 0
          },
          "velocity": {
            "x": 0.0,
            "y": 0.0,
            "z": 0.0
          },
          "role": "shooter"
        },
        {
          "boost": 100.0,
          "location": {
            "x": -250.86289978027344,
            "y": -3764.5595703125,
            "z": 37.99560546875
          },
          "rotation": {
            "pitch": 0,
            "yaw": 15589,
            "roll": 0
          },
          "velocity": {
            "x": 0.0,
            "y": 0.0,
            "z": 0.0
          },
          "role": "passer"
        }
      ]
    },
    {
      "ball": {
        "location": {
          "x": 3316.41455078125,
          "y": -279.18548583984375,
          "z": 287.4088134765625
        },
        "torque": {
          "x": 0.0,
          "y": 0.0,
          "z": 0.0
        },
        "velocity": {
          "x": 1156.1971435546875,
          "y": -1522.0479736328125,
          "z": 384.3768615722656
        },
        "rotation": {
          "pitch": 0,
          "yaw": 0,
          "roll": 0
        },
        "angular": {
          "x": 0.0,
          "y": 0.0,
          "z": 0.0
        }
      },
      "players": [
        {
          "boost": 100.0,
          "location": {
            "x": 3424.63623046875,
            "y": -216.01730346679688,
            "z": 37.99560546875
          },
          "rotation": {
            "pitch": 0,
            "yaw": 18814,
            "roll": 0
          },
          "velocity": {
            "x": 0.0,
            "y": 0.0,
            "z": 0.0
          },
          "role": "shooter"
        },
        {
          "boost": 100.0,
          "location": {
            "x": 2888.411865234375,
            "y": -4052.97802734375,
            "z": 37.99560546875
          },
          "rotation": {
            "pitch": 0,
            "yaw": 81801,
            "roll": 0
          },
          "velocity": {
            "x": 0.0,
            "y": 0.0,
            "z": 0.0
          },
          "role": "passer"
        }
      ]
    },
    {
      "ball": {
        "location": {
          "x": -2719.17333984375,
          "y": 3252.1943359375,
          "z": 100.0
        },
        "torque": {
          "x": 0.0,
          "y": 0.0,
          "z": 0.0
        },
        "velocity": {
          "x": -354.2326965332031,
          "y": -2356.89892578125,
          "z": -282.0782470703125
        },
        "rotation": {
          "pitch": 0,
          "yaw": 0,
          "roll": 0
        },
        "angular": {
          "x": 0.0,
          "y": 0.0,
          "z": 0.0
        }
      },
      "players": [
        {
          "boost": 100.0,
          "location": {
            "x": 2638.9140625,
            "y": 463.8868103027344,
            "z": 37.99560546875
          },
          "rotation": {
            "pitch": 0,
            "yaw": 22014,
            "roll": 0
          },
          "velocity": {
            "x": 0.0,
            "y": 0.0,
            "z": 0.0
          },
          "role": "shooter"
        },
        {
          "boost": 100.0,
          "location": {
            "x": -2881.917236328125,
            "y": -3579.68408203125,
            "z": 37.99560546875
          },
          "rotation": {
            "pitch": 0,
            "yaw": 20627,
            "roll": 0
          },
          "velocity": {
            "x": 0.0,
            "y": 0.0,
            "z": 0.0
          },
          "role": "passer"
        }
      ]
    },
    {
      "ball": {
        "location": {
          "x": -1676.8236083984375,
          "y": -3858.941650390625,
          "z": 100.48280334472656
        },
        "torque": {
          "x": 0.0,
          "y": 0.0,
          "z": 0.0
        },
        "velocity": {
          "x": -2687.164794921875,
          "y": 566.7174682617188,
          "z": 136.14410400390625
        },
        "rotation": {
          "pitch": 0,
          "yaw": 0,
          "roll": 0
        },
        "angular": {
          "x": 0.0,
          "y": 0.0,
          "z": 0.0
        }
      },
      "players": [
        {
          "boost": 100.0,
          "location": {
            "x": -557.07470703125,
            "y": -3369.64404296875,
            "z": 37.99560546875
          },
          "rotation": {
            "pitch": 0,
            "yaw": 17353,
            "roll": 0
          },
          "velocity": {
            "x": 0.0,
            "y": 0.0,
            "z": 0.0
          },
          "role": "shooter"
        },
        {
          "boost": 100.0,
          "location": {
            "x": -1246.3070068359375,
            "y": -4215.24755859375,
            "z": 37.99560546875
          },
          "rotation": {
            "pitch": 0,
            "yaw": -38184,
            "roll": 0
          },
          "velocity": {
            "x": 0.0,
            "y": 0.0,
            "z": 0.0
          },
          "role": "passer"
        }
      ]
    },
    {
      "ball": {
        "location": {
          "x": -501.940185546875,
          "y": -2687.324951171875,
          "z": 100.0
        },
        "torque": {
          "x": 0.0,
          "y": 0.0,
          "z": 0.0
        },
        "velocity": {
          "x": -171.81883239746094,
          "y": 469.39776611328125,