{
  "version": 4,
  "offense": 2,
  "defense": 0,
  "description": "Passing (Infield)",
  "creator": "Wayprotein",
  "code": "CDBB-8953-C052-654F",
  "creatorID": "Steam:76561198141816115",
  "uploadID": 223,
  "numDrills": 10,
  "tags": [
    "Aerials",
    "Passing",
    "Redirects",
    "Shots"
  ],
  "drills": [
    {
      "ball": {
        "location": {
          "x": 3655.121337890625,
          "y": 3403.260009765625,
          "z": 100.48280334472656
        },
        "torque": {
          "x": 0.0,
          "y": 0.0,
          "z": 0.0
        },
        "velocity": {
          "x": -113.7052993774414,
          "y": 789.5029296875,
          "z": -61.706825256347656
        },
        "rotation": {
          "pitch": 0,
          "yaw": 0,
          "roll": 0
        },
        "angular": {
          "x": 0.0,
          "y": 0.0,
          "z": 0.0
        }
      },
      "players": [
        {
          "boost": 1.0,
          "location": {
            "x": 451.7799987792969,
            "y": 1080.5899658203125,
            "z": 17.010000228881836
          },
          "rotation": {
            "pitch": -99,
            "yaw": 16172,
            "roll": 0
          },
          "velocity": {
            "x": 0.0,
            "y": 0.0,
            "z": 0.210999995470047
          },
          "role": "shooter"
        },
        {
          "boost": 100.0,
          "location": {
            "x": 3737.541748046875,
            "y": 3141.222412109375,
            "z": 37.995601654052734
          },
          "rotation": {
            "pitch": 0,
            "yaw": 15604,
            "roll": 0
          },
          "velocity": {
            "x": 0.0,
            "y": 0.0,
            "z": 0.0
          },
          "role": "passer"
        }
      ]
    },
    {
      "ball": {
        "location": {
          "x": 3161.378173828125,
          "y": -492.3839111328125,
          "z": 100.48280334472656
        },
        "torque": {
          "x": 0.0,
          "y": 0.0,
          "z": 0.0
        },
        "velocity": {
          "x": 1536.47314453125,
          "y": 1191.5091552734375,
          "z": -148.24330139160156
        },
        "rotation": {
          "pitch": 0,
          "yaw": 0,
          "roll": 0
        },
        "angular": {
          "x": 0.0,
          "y": 0.0,
          "z": 0.0
        }
      },
      "players": [
        {
          "boost": 100.0,
          "location": {
            "x": 736.5662231445313,
            "y": -1287.4066162109375,
            "z": 37.99560546875
          },
          "rotation": {
            "pitch": 0,
            "yaw": 13132,
            "roll": 0
          },
          "velocity": {
            "x": 0.0,
            "y": 0.0,
            "z": 0.0
          },
          "role": "shooter"
        },
        {
          "boost": 100.0,
          "location": {
            "x": 2686.22216796875,
            "y": -379.7080078125,
            "z": 37.995601654052734
          },
          "rotation": {
            "pitch": 0,
            "yaw": 5770,
            "roll": 0
          },
          "velocity": {
            "x": 0.0,
            "y": 0.0,
            "z": 0.0
          },
          "role": "passer"
        }
      ]
    },
    {
      "ball": {
        "location": {
          "x": -2742.263427734375,
          "y": 4591.86572265625,
          "z": 100.48280334472656
        },
        "torque": {
          "x": 0.0,
          "y": 0.0,
          "z": 0.0
        },
        "velocity": {
          "x": -114.37584686279297,
          "y": -2040.74169921875,
          "z": -157.21287536621094
        },
        "rotation": {
          "pitch": 0,
          "yaw": 0,
          "roll": 0
        },
        "angular": {
          "x": 0.0,
          "y": 0.0,
          "z": 0.0
        }
      },
      "players": [
        {
          "boost": 100.0,
          "location": {
            "x": -132.78550720214844,
            "y": -2101.52294921875,
            "z": 37.99560546875
          },
          "rotation": {
            "pitch": 0,
            "yaw": 17857,
            "roll": 0
          },
          "velocity": {
            "x": 0.0,
            "y": 0.0,
            "z": 0.0
          },
          "role": "shooter"
        },
        {
          "boost": 100.0,
          "location": {
            "x": -3671.230712890625,
            "y": 2419.50634765625,
            "z": 37.99560546875
          },
          "rotation": {
            "pitch": 0,
            "yaw": 47054,
            "roll": 0
          },
          "velocity": {
            "x": 0.0,
            "y": 0.0,
            "z": 0.0
          },
          "role": "passer"
        }
      ]
    },
    {
      "ball": {
        "location": {
          "x": 3044.72607421875,
          "y": 3792.661376953125,
          "z": 100.48280334472656
        },
        "torque": {
          "x": 0.0,
          "y": 0.0,
          "z": 0.0
        },
        "velocity": {
          "x": -512.1929931640625,
          "y": 1610.341064453125,
          "z": 452.8221130371094
        },
        "rotation": {
          "pitch": 0,
          "yaw": 0,
          "roll": 0
        },
        "angular": {
          "x": 0.0,
          "y": 0.0,
          "z": 0.0
        }
      },
      "players": [
        {
          "boost": 100.0,
          "location": {
            "x": -1400.5718994140625,
            "y": 1727.068603515625,
            "z": 37.99560546875
          },
          "rotation": {
            "pitch": 0,
            "yaw": 81662,
            "roll": 0
          },
          "velocity": {
            "x": 0.0,
            "y": 0.0,
            "z": 0.0
          },
          "role": "shooter"
        },
        {
          "boost": 100.0,
          "location": {
            "x": 3477.545166015625,
            "y": 4025.92626953125,
            "z": 37.995601654052734
          },
          "rotation": {
            "pitch": 0,
            "yaw": 89102,
            "roll": 0
          },
          "velocity": {
            "x": 0.0,
            "y": 0.0,
            "z": 0.0
          },
          "role": "passer"
        }
      ]
    },
    {
      "ball": {
        "location": {
          "x": 2902.843017578125,
          "y": 4800.03173828125,
          "z": 315.35418701171875
        },
        "torque": {
          "x": 0.0,
          "y": 0.0,
          "z": 0.0
        },
        "velocity": {
          "x": 124.84138488769531,
          "y": -2097.861083984375,
          "z": -804.5633544921875
        },
        "rotation": {
          "pitch": 0,
          "yaw": 0,
          "roll": 0
        },
        "angular": {
          "x": 0.0,
          "y": 0.0,
          "z": 0.0
        }
      },
      "players": [
        {
          "boost": 100.0,
          "location": {
            "x": -1720.344970703125,
            "y": -2552.71435546875,
            "z": 37.99560546875
          },
          "rotation": {
            "pitch": 0,
            "yaw": 81724,
            "roll": 0
          },
          "velocity": {
            "x": 0.0,
            "y": 0.0,
            "z": 0.0
          },
          "role": "shooter"
        },
        {
          "boost": 100.0,
          "location": {
            "x": 3622.5751953125,
            "y": 4037.734375,
            "z": 41.87595748901367
          },
          "rotation": {
            "pitch": 0,
            "yaw": 114749,
            "roll": 0
          },
          "velocity": {
            "x": 0.0,
            "y": 0.0,
            "z": 0.0
          },
          "role": "passer"
        }
      ]
    },
    {
      "ball": {
        "location": {
          "x": 2825.46337890625,
          "y": -4193.82177734375,
          "z": 197.239501953125
        },
        "torque": {
          "x": 0.0,
          "y": 0.0,
          "z": 0.0
        },
        "velocity": {
          "x": 297.21771240234375,
          "y": 384.1919250488281,